City_ID,City,Lat,Lng,Max Temp,Humidity,Cloudiness,Wind Speed,Country,Date
0,margaret river,-33.95,115.0667,12.189999999999998,76,91,2.34,AU,1691703232
1,muravlenko,63.7898,74.523,8.200000000000045,78,82,9.56,RU,1691703232
2,fale old settlement,-9.3852,-171.2468,27.600000000000023,78,92,5.35,TK,1691703232
3,massakory,12.996,15.7293,26.57000000000005,76,68,2.7,TD,1691703233
4,luderitz,-26.6481,15.1594,19.53000000000003,55,14,0.16,NA,1691702882
5,ibipeba,-11.6408,-42.0111,23.410000000000025,39,14,4.5,BR,1691703233
6,torghay,49.6339,63.4981,21.060000000000002,58,41,6.22,KZ,1691703233
7,salalah,17.0151,54.0924,26.05000000000001,100,100,3.09,OM,1691702898
8,ribeira grande,38.5167,-28.7,24.220000000000027,64,20,3.6,PT,1691702894
9,minab,27.1467,57.0801,35.97000000000003,40,97,2.32,IR,1691703234
10,san patricio,28.017,-97.5169,39.54000000000002,44,0,8.62,US,1691702873
11,olonkinbyen,70.9221,-8.7187,6.7000000000000455,99,100,4.7,SJ,1691703234
12,ust-nera,64.5667,143.2,19.0,47,9,0.61,RU,1691702881
13,manicore,-5.8092,-61.3003,25.970000000000027,89,0,1.03,BR,1691703235
14,bethel,41.3712,-73.414,23.08000000000004,85,100,2.57,US,1691702869
15,mamadysh,55.7152,51.408,21.600000000000023,72,0,2.63,RU,1691703235
16,chorhat,24.4333,81.6833,25.950000000000045,81,72,2.84,IN,1691703235
17,oyem,1.5995,11.5793,19.970000000000027,99,89,1.31,GA,1691703235
18,west island,-12.1568,96.8225,24.99000000000001,88,75,7.2,CC,1691703236
19,port elizabeth,-33.918,25.5701,23.390000000000043,100,4,1.03,ZA,1691702878
20,island harbour,50.724,-1.2758,18.850000000000023,91,20,3.87,GB,1691703236
21,afaahiti,-17.75,-149.2833,25.930000000000007,69,60,7.94,PF,1691703236
22,ushuaia,-54.8,-68.3,1.8100000000000023,93,75,2.06,AR,1691702867
23,gadzhiyevo,69.2551,33.3362,16.879999999999995,74,0,5.3,RU,1691703237
24,petropavlovsk-kamchatsky,53.0452,158.6483,10.330000000000041,82,0,4.0,RU,1691703237
25,papatowai,-46.5619,169.4708,4.980000000000018,77,100,1.93,NZ,1691703237
26,yellowknife,62.456,-114.3525,21.29000000000002,46,100,1.54,CA,1691702645
27,juan griego,11.0817,-63.9655,33.07000000000005,58,80,7.72,VE,1691703238
28,blackmans bay,-43.0167,147.3167,9.830000000000041,81,100,2.98,AU,1691703238
29,port-aux-francais,-49.35,70.2167,4.189999999999998,80,100,15.67,TF,1691703238
30,grytviken,-54.2811,-36.5092,-1.0600000000000023,98,96,3.89,GS,1691703238
31,kone,-21.0595,164.8658,19.28000000000003,51,0,2.84,NC,1691703239
32,lihue,21.9789,-159.3672,30.77000000000004,60,20,7.2,US,1691703239
33,brak,27.5496,14.2714,28.420000000000016,25,0,5.52,LY,1691703239
34,iqaluit,63.7506,-68.5145,7.850000000000023,87,40,5.66,CA,1691702874
35,albany,42.6001,-73.9662,24.230000000000018,96,100,0.44,US,1691702644
36,kodiak,57.79,-152.4072,13.730000000000018,82,100,1.54,US,1691702870
37,revda,56.801,59.9303,11.600000000000023,80,27,1.48,RU,1691703240
38,as sulayyil,20.4607,45.5779,32.14000000000004,10,65,0.71,SA,1691703240
39,mccook,40.2019,-100.6257,34.25,31,0,6.17,US,1691703240
40,ilulissat,69.2167,-51.1,7.010000000000048,76,75,2.57,GL,1691702916
41,tha mai,12.6214,102.0048,25.970000000000027,89,16,2.95,TH,1691703241
42,namie,37.4833,141.0,26.510000000000048,93,16,0.99,JP,1691703241
43,adamstown,-25.066,-130.1015,18.07000000000005,59,24,9.85,PN,1691703241
44,tindouf,27.6711,-8.1474,41.25,12,40,7.2,DZ,1691703242
45,strelka,58.0728,93.0344,12.270000000000039,94,57,1.33,RU,1691703242
46,alice springs,-23.7,133.8833,5.75,65,1,2.57,AU,1691703087
47,wailua homesteads,22.0669,-159.378,30.439999999999998,68,20,7.2,US,1691703242
48,taguatinga,-12.3857,-46.5711,28.24000000000001,27,51,1.88,BR,1691703243
49,katsuura,35.1333,140.3,26.189999999999998,88,6,4.06,JP,1691702915
50,kita,13.0349,-9.4895,23.560000000000002,95,96,2.27,ML,1691703243
51,kingston,17.997,-76.7936,32.53000000000003,85,20,8.75,JM,1691703243
52,port mathurin,-19.6833,63.4167,22.870000000000005,79,51,9.55,MU,1691703243
53,bilibino,68.0546,166.4372,10.03000000000003,79,100,1.78,RU,1691702918
54,coahuayana de hidalgo,18.7,-103.6583,30.74000000000001,70,95,2.52,MX,1691703244
55,suzhou,31.3114,120.6181,25.83000000000004,85,0,0.68,CN,1691703244
56,zhezqazghan,47.7833,67.7667,20.930000000000007,50,8,6.82,KZ,1691703244
57,thompson,55.7435,-97.8558,20.090000000000032,42,75,2.57,CA,1691702878
58,tura,25.5198,90.2201,23.890000000000043,98,100,1.92,IN,1691702909
59,rabo de peixe,37.8,-25.5833,22.730000000000018,83,40,3.6,PT,1691703245
60,sydney,-33.8679,151.2073,10.710000000000036,68,20,6.17,AU,1691702719
61,crane,31.3974,-102.3501,41.910000000000025,12,4,3.07,US,1691703246
62,labytnangi,66.6572,66.4183,8.060000000000002,87,2,1.96,RU,1691703246
63,waitangi,-43.9535,-176.5597,12.120000000000005,96,83,5.54,NZ,1691703246
64,pandan,14.0453,124.1694,27.090000000000032,84,100,2.87,PH,1691703246
65,monte alegre,-2.0078,-54.0692,31.0,47,63,2.68,BR,1691703247
66,bredasdorp,-34.5322,20.0403,13.300000000000011,72,0,0.83,ZA,1691702874
67,olinda,-8.0089,-34.8553,25.850000000000023,73,20,6.69,BR,1691702872
68,puerto natales,-51.7236,-72.4875,1.080000000000041,86,75,2.72,CL,1691703086
69,avarua,-21.2078,-159.775,25.03000000000003,78,100,7.72,CK,1691702877
70,whitehorse,60.7161,-135.0538,19.5,49,75,3.6,CA,1691702774
71,tamanrasset,22.785,5.5228,28.950000000000045,10,0,2.06,DZ,1691703248
72,port alfred,-33.5906,26.891,19.930000000000007,58,0,4.75,ZA,1691702868
73,edinburgh of the seven seas,-37.0676,-12.3116,11.930000000000007,72,42,12.32,SH,1691703248
74,pimenta bueno,-11.6725,-61.1936,33.03000000000003,30,91,1.84,BR,1691703248
75,tiksi,71.6872,128.8694,16.970000000000027,49,3,2.14,RU,1691702882
76,nova sintra,14.8667,-24.7167,22.890000000000043,74,22,6.23,CV,1691703249
77,valverde del camino,37.5751,-6.7543,23.950000000000045,21,0,2.79,ES,1691703249
78,bay city,43.5945,-83.8889,27.840000000000032,50,40,6.17,US,1691703249
79,mejit,10.2753,170.8646,27.670000000000016,75,63,4.52,MH,1691703249
80,alofi,-19.0595,-169.9187,26.939999999999998,83,75,2.57,NU,1691702909
81,hawaiian paradise park,19.5933,-154.9731,26.730000000000018,82,100,2.06,US,1691703250
82,brisas de zicatela,15.8369,-97.0419,31.29000000000002,58,0,3.09,MX,1691703250
83,saipan,15.1355,145.701,26.470000000000027,100,20,2.68,MP,1691703250
84,karratha,-20.7377,116.8463,20.120000000000005,55,0,2.84,AU,1691702884
85,kerikeri,-35.2268,173.9474,9.390000000000043,93,26,1.79,NZ,1691703251
86,bichura,50.5881,107.6022,13.939999999999998,93,30,0.97,RU,1691703251
87,abashiri,44.0213,144.2697,22.220000000000027,89,95,1.43,JP,1691703251
88,stanley,54.868,-1.6985,19.879999999999995,84,0,2.06,GB,1691703251
89,anadyr,64.75,177.4833,10.28000000000003,71,75,5.0,RU,1691703252
90,kayangel,8.0823,134.7173,27.83000000000004,82,96,8.89,PW,1691703252
91,palafrugell,41.9174,3.1631,28.57000000000005,41,21,0.89,ES,1691703252
92,college,64.8569,-147.8028,21.78000000000003,84,100,1.54,US,1691702956
93,nichlaul,27.3167,83.7333,26.410000000000025,91,100,1.02,IN,1691703253
94,happy valley-goose bay,53.3168,-60.3315,17.170000000000016,63,75,2.57,CA,1691703253
95,kaspiyskiy,45.3929,47.3707,27.629999999999995,61,13,6.64,RU,1691703253
96,novotroitsk,51.203,58.3266,19.390000000000043,57,19,2.72,RU,1691703254
97,bogande,12.9714,-0.1436,24.5,86,32,5.3,BF,1691703254
98,grand falls-windsor,48.9332,-55.6649,15.28000000000003,94,100,0.89,CA,1691703254
99,nar'yan-mar,67.6713,53.087,10.450000000000045,81,16,2.21,RU,1691703254
100,aykhal,66.0,111.5,15.410000000000025,88,100,2.17,RU,1691702905
101,hasaki,35.7333,140.8333,26.27000000000004,88,14,5.03,JP,1691702912
102,colonel hill,22.7667,-74.2167,29.33000000000004,74,90,5.48,BS,1691703255
103,qaqortoq,60.7167,-46.0333,7.28000000000003,77,90,1.4,GL,1691703255
104,las tablas,7.7667,-80.2833,29.30000000000001,74,85,2.46,PA,1691703255
105,valparaiso,-33.0393,-71.6273,16.129999999999995,78,40,4.12,CL,1691703256
106,shimoda,34.6667,138.95,25.610000000000014,83,14,5.36,JP,1691703256
107,ceres,37.5949,-120.9577,34.56,33,0,2.57,US,1691703256
108,arno,60.1167,18.6333,13.770000000000039,88,100,4.51,SE,1691703256
109,kapuskasing,49.4169,-82.4331,18.05000000000001,88,75,2.06,CA,1691703007
110,rocha,-34.4833,-54.3333,17.210000000000036,83,100,3.57,UY,1691703257
111,hithadhoo,-0.6,73.0833,27.410000000000025,79,92,5.02,MV,1691702877
112,gore,-46.1028,168.9436,1.650000000000034,92,100,0.77,NZ,1691703257
113,isafjordur,66.0755,-23.124,7.3700000000000045,81,100,4.45,IS,1691703257
114,minot air force base,48.4209,-101.3391,23.100000000000023,68,75,2.57,US,1691703258
115,ancud,-41.8697,-73.8203,8.04000000000002,75,98,8.21,CL,1691702888
116,invercargill,-46.4,168.35,2.230000000000018,90,100,2.24,NZ,1691703258
117,bereeda,11.8704,51.0579,28.980000000000018,63,96,4.53,SO,1691703258
118,bardsir,29.9227,56.5743,20.860000000000014,21,0,1.88,IR,1691703259
119,kalmunai,7.4167,81.8167,26.310000000000002,81,92,2.89,LK,1691703259
120,yanam,16.7333,82.2167,26.5,77,99,1.82,IN,1691702925
121,pimentel,-6.8367,-79.9342,25.160000000000025,65,40,7.72,PE,1691702894
122,sitka,57.0531,-135.33,14.939999999999998,94,100,0.0,US,1691702888
123,puerto lempira,15.2667,-83.7667,32.08000000000004,62,40,5.14,HN,1691703260
124,paciran,-6.8767,112.3761,21.890000000000043,87,46,2.97,ID,1691703260
125,iskateley,67.6803,53.1512,10.410000000000025,81,14,2.17,RU,1691703260
126,alo,7.4178,6.7371,23.370000000000005,97,100,1.62,NG,1691703260
127,nueva gerona,21.8833,-82.8,32.19,59,28,3.39,CU,1691703261
128,jayapura,-2.5333,140.7,25.660000000000025,94,85,2.71,ID,1691703261
129,zhangye,38.9342,100.4517,20.07000000000005,70,86,3.08,CN,1691702895
130,mungyeong,36.5946,128.1995,22.650000000000034,97,88,1.13,KR,1691703261
131,aasiaat,68.7098,-52.8699,3.2800000000000296,87,100,4.18,GL,1691702871
132,mount isa,-20.7333,139.5,7.8700000000000045,87,6,1.03,AU,1691702892
133,jining,35.405,116.5814,23.04000000000002,83,2,1.87,CN,1691703262
134,fort st. john,56.2499,-120.8529,15.939999999999998,82,75,3.09,CA,1691703262
135,porto-vecchio,41.591,9.2795,22.74000000000001,88,0,1.03,FR,1691703262
136,belyy yar,53.6039,91.3903,13.939999999999998,88,0,0.0,RU,1691703263
137,jamestown,42.097,-79.2353,25.25,52,0,6.69,US,1691702658
138,carnarvon,-24.8667,113.6333,18.090000000000032,84,23,1.17,AU,1691702873
139,usinsk,65.9939,57.5281,11.5,77,2,3.62,RU,1691703263
140,center,31.5107,-96.4247,42.110000000000014,27,0,5.66,US,1691703264
141,princeville,45.7668,-61.2985,19.810000000000002,86,100,6.69,CA,1691703264
142,yuzhno-kurilsk,44.0306,145.8556,20.710000000000036,94,100,5.77,RU,1691703264
143,myitkyina,25.3833,97.4,24.170000000000016,99,100,0.38,MM,1691703265
144,adam,22.3756,57.5233,29.24000000000001,55,100,3.95,OM,1691703265
145,pangoa,-12.1167,-73.0,28.890000000000043,53,21,1.01,PE,1691703265
146,namibe,-15.1961,12.1522,15.78000000000003,89,17,4.24,AO,1691703265
147,ghadamis,30.1337,9.5007,29.53000000000003,20,0,5.85,LY,1691703266
148,agua dulce,18.1333,-94.1333,33.879999999999995,68,5,2.65,MX,1691703266
149,manismata,-2.4667,111.0333,21.27000000000004,96,73,1.17,ID,1691703267
150,koh kong,11.6175,102.9806,26.58000000000004,84,29,2.58,KH,1691703268
151,utrik,11.2278,169.8474,27.79000000000002,71,10,5.02,MH,1691703268
152,pangkalanbuun,-2.6833,111.6167,21.58000000000004,93,64,0.74,ID,1691703268
153,georgetown,5.4112,100.3354,25.960000000000036,92,20,1.54,MY,1691702776
154,kolwezi,-10.7148,25.4667,14.78000000000003,40,2,2.2,CD,1691703269
155,lata,40.1629,-8.3327,19.49000000000001,89,0,1.35,PT,1691702881
156,chonchi,-42.6128,-73.8092,7.840000000000032,85,98,3.54,CL,1691703269
157,klamath falls,42.2249,-121.7817,29.980000000000018,33,0,2.57,US,1691703135
158,neelankarai,12.9455,80.2575,26.689999999999998,83,40,3.09,IN,1691703270
159,archidona,37.0965,-4.3887,27.140000000000043,21,0,0.98,ES,1691703270
160,sur,22.5667,59.5289,30.060000000000002,63,100,3.23,OM,1691703270
161,senirkent,38.1044,30.5486,23.03000000000003,65,0,2.19,TR,1691703270
162,mossel bay,-34.1831,22.146,23.960000000000036,58,0,1.92,ZA,1691703271
163,kingman,35.1894,-114.053,36.22000000000003,20,0,7.72,US,1691703271
164,el jadid,33.2549,-8.506,23.450000000000045,79,15,7.12,MA,1691703271
165,hadibu,12.65,54.0333,25.52000000000004,82,45,6.78,YE,1691703271
166,posto fiscal rolim de moura,-13.0833,-62.2667,32.379999999999995,32,55,1.15,BR,1691703272
167,guerrero negro,27.9769,-114.0611,26.879999999999995,60,6,7.62,MX,1691702871
168,weno,7.4515,151.8468,27.470000000000027,75,62,2.23,FM,1691703272
169,durban,-29.8579,31.0292,18.510000000000048,89,49,2.85,ZA,1691703051
170,santa eularia des riu,38.9846,1.5341,27.390000000000043,87,0,1.54,ES,1691703265
171,port lincoln,-34.7333,135.8667,9.220000000000027,80,24,2.68,AU,1691703273
172,la passe,45.5549,-0.8967,20.129999999999995,91,49,3.51,FR,1691703273
173,hamilton,39.1834,-84.5333,29.03000000000003,63,75,5.66,US,1691702777
174,ha'il,27.5219,41.6907,33.01000000000005,14,0,2.06,SA,1691703273
175,chimoio,-19.1164,33.4833,12.78000000000003,94,41,1.21,MZ,1691703274
176,capelinha,-17.6914,-42.5158,17.560000000000002,64,4,2.5,BR,1691703274
177,greenville,35.6127,-77.3663,30.010000000000048,79,0,6.17,US,1691703057
178,port-gentil,-0.7193,8.7815,24.980000000000018,83,20,4.12,GA,1691703274
179,la punta,-33.1837,-66.3127,14.82000000000005,42,4,5.48,AR,1691703275
180,saint-francois,46.4154,3.9054,20.689999999999998,68,0,1.54,FR,1691703275
181,pukchil-lodongjagu,40.2019,125.7483,21.370000000000005,98,100,2.48,KP,1691703275
182,vilyuchinsk,52.9306,158.4028,11.150000000000034,72,73,0.48,RU,1691703264
183,palikir - national government center,6.9248,158.1611,27.470000000000027,94,75,1.54,FM,1691703276
184,daru,-9.0763,143.2092,23.730000000000018,75,98,7.24,PG,1691703276
185,arraial do cabo,-22.9661,-42.0278,21.980000000000018,83,0,5.66,BR,1691702880
186,lazaro cardenas,17.9583,-102.2,31.28000000000003,63,63,4.17,MX,1691703276
187,new norfolk,-42.7826,147.0587,9.28000000000003,95,100,1.41,AU,1691702871
188,cabedelo,-6.9811,-34.8339,25.370000000000005,82,10,6.18,BR,1691703277
189,garanhuns,-8.8903,-36.4928,16.110000000000014,97,9,2.68,BR,1691703154
190,vadso,70.0744,29.7487,20.49000000000001,82,0,1.54,NO,1691703277
191,vitoria da conquista,-14.8661,-40.8394,17.310000000000002,79,88,3.62,BR,1691703277
192,san antonio de pale,-1.4014,5.6325,23.640000000000043,87,69,4.6,GQ,1691703278
193,ola,59.5833,151.2833,14.0,69,17,0.67,RU,1691703278
194,laguna,38.421,-121.4238,35.10000000000002,36,0,4.12,US,1691702781
195,remire-montjoly,4.9167,-52.2667,29.02000000000004,74,45,4.12,GF,1691703278
196,mahibadhoo,3.7833,72.9667,27.83000000000004,78,100,6.08,MV,1691703278
197,lebu,-37.6167,-73.65,10.210000000000036,78,48,5.56,CL,1691702887
198,dudinka,69.4058,86.1778,11.460000000000036,51,80,11.18,RU,1691703279
199,zanjan,36.6736,48.4787,21.180000000000007,37,0,2.82,IR,1691703279
200,kismayo,-0.3582,42.5454,24.08000000000004,84,44,7.06,SO,1691703279
201,camana,-16.6228,-72.7111,17.900000000000034,86,22,4.76,PE,1691703280
202,fort bragg,35.139,-79.006,32.75,58,100,1.54,US,1691703280
203,tazovsky,67.4667,78.7,5.310000000000002,66,1,9.15,RU,1691703280
204,yugorsk,61.3133,63.3319,11.400000000000034,76,4,2.53,RU,1691703280
205,thunder bay,48.4001,-89.3168,19.99000000000001,56,75,3.6,CA,1691703032
206,mount pearl,47.5166,-52.7813,21.03000000000003,89,75,4.63,CA,1691703281
207,atafu village,-8.5421,-172.5159,28.25,71,45,4.99,TK,1691703251
208,howard springs,-12.497,131.047,21.950000000000045,68,90,2.84,AU,1691703281
209,san carlos de bariloche,-41.1456,-71.3082,3.8600000000000136,87,40,9.26,AR,1691703005
210,carutapera,-1.195,-46.02,25.879999999999995,83,60,4.27,BR,1691703281
211,nuku'alofa,-21.1333,-175.2,21.189999999999998,94,100,4.63,TO,1691703282
212,hassi messaoud,31.6804,6.0729,34.920000000000016,16,0,3.09,DZ,1691703282
213,qamdo,31.1667,97.2333,7.860000000000014,89,100,0.27,CN,1691703282
214,sriramnagar,17.2665,78.2554,25.29000000000002,78,40,4.12,IN,1691703282
215,rongelap,11.1635,166.8941,28.24000000000001,74,38,5.49,MH,1691703282
216,ghat,24.9647,10.1728,29.850000000000023,17,0,4.69,LY,1691703283
217,saint-pierre,-21.3393,55.4781,20.82000000000005,64,0,3.6,RE,1691702890
218,udachny,66.4167,112.4,16.360000000000014,87,88,2.17,RU,1691703283
219,severo-yeniseyskiy,60.3725,93.0408,11.910000000000025,96,100,1.67,RU,1691703283
220,kloulklubed,7.0419,134.2556,27.939999999999998,80,65,8.02,PW,1691703284
221,olivenza,38.6832,-7.103,24.79000000000002,39,0,3.28,ES,1691703284
222,yung shue wan,22.2333,114.1167,27.54000000000002,92,100,4.2,HK,1691703284
223,merizo village,13.2658,144.6691,26.32000000000005,93,100,10.38,GU,1691703285
224,poronaysk,49.2167,143.1167,12.360000000000014,97,100,1.72,RU,1691703285
225,orcopampa,-15.2661,-72.3417,12.460000000000036,30,3,4.42,PE,1691703285
226,charlottetown,46.2352,-63.1267,19.0,81,75,7.2,CA,1691703263
227,aswan,24.0934,32.907,36.610000000000014,14,0,3.6,EG,1691703285
228,punta arenas,-53.15,-70.9167,3.400000000000034,72,100,6.81,CL,1691702799
229,cam ranh,11.9214,109.1591,27.980000000000018,83,20,0.51,VN,1691703286
230,zyryanskoye,56.8306,86.6258,12.260000000000048,88,91,1.47,RU,1691703286
231,mirny,62.5353,113.9611,16.80000000000001,72,100,4.02,RU,1691703286
232,kabare,-2.4683,28.8242,17.920000000000016,63,77,0.6,CD,1691703287
233,kavieng,-2.5744,150.7967,26.55000000000001,81,99,6.04,PG,1691702880
234,jabor,5.921,169.6434,28.260000000000048,77,72,5.76,MH,1691703287
235,taltal,-25.4,-70.4833,16.28000000000003,77,61,3.79,CL,1691703021
236,port isabel,26.0734,-97.2086,37.02000000000004,58,20,9.77,US,1691702820
237,spring creek,40.7266,-115.5859,31.010000000000048,13,0,4.72,US,1691703288
238,haiku-pauwela,20.9219,-156.3051,27.360000000000014,77,75,9.77,US,1691703288
239,klyuchi,52.2667,79.1667,16.74000000000001,93,99,5.11,RU,1691703284
240,susuman,62.7833,148.1667,14.960000000000036,50,6,0.83,RU,1691703288
241,st. john's,47.5649,-52.7093,22.100000000000023,89,75,4.63,CA,1691703008
242,cide,41.8921,33.0044,22.53000000000003,91,67,1.66,TR,1691703289
243,lubao,14.9167,120.55,26.840000000000032,90,99,1.12,PH,1691703289
244,cabo san lucas,22.8909,-109.9124,34.23000000000002,68,42,2.24,MX,1691702636
245,prince rupert,54.3161,-130.3201,17.05000000000001,85,100,7.72,CA,1691702709
246,holualoa,19.6228,-155.9522,26.910000000000025,77,40,4.12,US,1691703290
247,touros,-5.1989,-35.4608,25.07000000000005,79,32,7.01,BR,1691702814
248,la'ie,21.6477,-157.9253,30.980000000000018,64,46,7.79,US,1691703290
249,novaya igirma,57.1334,103.9112,14.57000000000005,82,100,1.61,RU,1691703290
250,yarmouth,41.7057,-70.2286,26.260000000000048,84,0,5.14,US,1691703290
251,patterson,37.4716,-121.1297,35.01000000000005,14,4,0.37,US,1691703291
252,sisimiut,66.9395,-53.6735,7.57000000000005,90,100,4.03,GL,1691703291
253,vishnyeva,54.7122,26.5225,13.080000000000041,95,64,1.43,BY,1691703291
254,trosa,58.8962,17.5481,14.230000000000018,91,81,3.76,SE,1691703292
255,fandriana,-20.2333,47.3833,13.230000000000018,93,78,1.33,MG,1691703292
256,kununurra,-15.7667,128.7333,13.990000000000009,82,55,1.54,AU,1691702876
257,karoi,-16.8099,29.6925,11.390000000000043,82,19,2.09,ZW,1691703292
258,buaran,-7.05,109.55,20.55000000000001,75,61,2.47,ID,1691703293
259,saldanha,-33.0117,17.9442,12.03000000000003,76,0,2.9,ZA,1691702873
260,batticaloa,7.7102,81.6924,26.910000000000025,79,98,3.29,LK,1691703293
261,glace bay,46.1969,-59.957,19.939999999999998,82,75,6.17,CA,1691703293
262,ratnagiri,16.9833,73.3,25.75,85,73,1.26,IN,1691703293
263,keflavik,64.0049,-22.5624,14.950000000000045,82,40,4.12,IS,1691703294
264,whakatane,-37.9585,176.9854,8.82000000000005,77,18,2.24,NZ,1691703294
265,seven pagodas,12.6264,80.1722,26.700000000000045,76,100,3.43,IN,1691703294
266,pirallahi,40.4723,50.333,26.08000000000004,52,0,3.05,AZ,1691703294
267,hami,42.8,93.45,27.53000000000003,24,0,3.88,CN,1691703295
268,harstad,68.799,16.5293,16.0,76,99,2.68,NO,1691703295
269,turpan,42.9333,89.1667,34.19,21,0,2.64,CN,1691703295
270,khandyga,62.6667,135.6,16.400000000000034,61,14,1.33,RU,1691702886
271,puerto ayora,-0.7393,-90.3518,28.980000000000018,92,53,2.68,EC,1691702720
272,zag,46.9441,99.165,11.25,73,27,1.16,MN,1691703296
273,laojunmiao,39.8333,97.7333,18.30000000000001,50,1,0.92,CN,1691703296
274,brokopondo,4.75,-55.1667,29.450000000000045,58,56,0.53,SR,1691703296
275,hagere maryam,5.6333,38.2333,15.480000000000018,86,96,1.67,ET,1691703296
276,coracao de jesus,-16.6853,-44.365,22.27000000000004,40,0,3.08,BR,1691703297
277,danane,7.2596,-8.155,21.010000000000048,100,100,0.86,CI,1691703297
278,al mijlad,11.0333,27.7333,28.340000000000032,60,35,1.85,SD,1691703297
279,lompoc,34.6391,-120.4579,28.210000000000036,76,100,2.24,US,1691702669
280,bengkulu,-3.8004,102.2655,23.100000000000023,94,46,2.06,ID,1691702890
281,gaiman,-43.2897,-65.4929,16.220000000000027,31,60,4.65,AR,1691703298
282,hailun,47.45,126.9333,18.670000000000016,94,0,2.43,CN,1691703298
283,mangaratiba,-22.9597,-44.0406,24.480000000000018,90,12,0.35,BR,1691703299
284,kodinsk,58.6881,99.1844,13.150000000000034,88,13,0.88,RU,1691703299
285,ploneour-lanvern,47.9,-4.2833,19.180000000000007,94,100,3.09,FR,1691703299
286,porto velho,-8.7619,-63.9039,34.03000000000003,59,40,2.06,BR,1691703299
287,kingscliff,-28.2667,153.5667,14.850000000000023,77,0,2.57,AU,1691703299
288,kruisfontein,-34.0033,24.7314,22.160000000000025,28,2,5.09,ZA,1691702893
289,al mahwit,15.4701,43.5448,22.05000000000001,48,21,0.37,YE,1691703300
290,dolisie,-4.1997,12.6739,21.379999999999995,83,2,2.13,CG,1691703300
291,dharchula,29.85,80.5333,22.850000000000023,92,100,0.81,IN,1691703300
292,faya-largeau,17.9257,19.1043,33.620000000000005,43,89,5.59,TD,1691703300
293,arawa,-6.2132,155.5367,24.510000000000048,96,100,2.18,PG,1691703301
294,presque isle,46.6811,-68.0159,25.24000000000001,60,20,2.57,US,1691703138
295,badger,64.8,-147.5333,21.74000000000001,82,100,1.54,US,1691703286
296,vila franca do campo,37.7167,-25.4333,23.230000000000018,91,58,1.23,PT,1691702898
297,buenaventura,3.8801,-77.0312,28.370000000000005,79,88,2.35,CO,1691703301
298,dakhla,23.6848,-15.958,24.010000000000048,78,54,8.23,EH,1691703302
299,whangarei,-35.7317,174.3239,10.170000000000016,72,23,2.28,NZ,1691703302
300,boa vista,2.8197,-60.6733,32.99000000000001,49,20,4.12,BR,1691703085
301,egilsstadir,65.2653,-14.3948,8.950000000000045,81,40,3.6,IS,1691703303
302,aldan,58.6031,125.3894,17.99000000000001,65,93,4.75,RU,1691703303
303,tralee,52.2704,-9.7026,14.180000000000007,96,22,2.53,IE,1691703117
304,dryden,49.7833,-92.7503,19.160000000000025,55,20,2.57,CA,1691703133
305,hechuan,29.9947,106.2572,31.27000000000004,81,87,0.21,CN,1691703304
306,vilyuysk,63.7553,121.6247,15.79000000000002,70,10,3.14,RU,1691703304
307,pangody,65.85,74.4859,6.020000000000039,83,1,8.59,RU,1691702924
308,urengoy,65.9667,78.3667,8.600000000000023,69,6,9.33,RU,1691703304
309,nakskov,54.8373,11.1284,13.950000000000045,74,8,5.86,DK,1691703305
310,villa union,23.2,-106.2333,31.620000000000005,79,75,1.54,MX,1691703305
311,borogontsy,62.6683,131.1683,16.810000000000002,63,0,3.65,RU,1691703305
312,bamboo flat,11.7,92.7167,28.05000000000001,83,75,2.06,IN,1691703306
313,awjilah,29.1081,21.2869,26.510000000000048,50,0,7.81,LY,1691703306
314,quatre cocos,-20.2078,57.7625,20.610000000000014,79,18,3.02,MU,1691702911
315,urucara,-2.5364,-57.76,29.370000000000005,52,80,0.22,BR,1691703306
316,meulaboh,4.1363,96.1285,24.700000000000045,91,93,1.59,ID,1691702926
317,tazacorte,28.629,-17.9293,24.54000000000002,83,0,8.75,ES,1691703307
318,rudnya,54.947,31.0934,15.020000000000039,67,100,1.71,RU,1691703307
319,talnakh,69.4865,88.3972,11.230000000000018,64,90,6.93,RU,1691702875
320,charters towers,-20.1,146.2667,16.220000000000027,78,2,4.25,AU,1691703308
321,lady frere,-31.7031,27.2329,12.840000000000032,47,0,3.42,ZA,1691703308
322,saint-philippe,-21.3585,55.7679,20.77000000000004,82,14,1.58,RE,1691702888
323,mount gambier,-37.8333,140.7667,9.189999999999998,92,100,2.6,AU,1691702791
324,viedma,-40.8135,-62.9967,17.379999999999995,32,100,6.22,AR,1691702892
325,minas de marcona,-15.2119,-75.1103,14.370000000000005,79,34,6.78,PE,1691703309
326,dawson creek,55.7666,-120.2362,19.80000000000001,49,100,6.69,CA,1691703269
327,newman,37.3138,-121.0208,35.03000000000003,16,20,5.17,US,1691703309
328,ceeldheer,3.8488,47.1806,24.350000000000023,84,77,8.35,SO,1691703310
329,tolanaro,-25.0319,46.9987,19.04000000000002,63,75,3.09,MG,1691703310
330,kutum,14.2,24.6667,26.670000000000016,51,10,0.32,SD,1691703310
331,jumla,29.2747,82.1838,17.560000000000002,92,100,0.42,NP,1691702889
332,mugia,43.1041,-9.2179,21.060000000000002,92,58,3.77,ES,1691703310
333,oranjemund,-28.55,16.4333,16.960000000000036,67,21,1.46,NA,1691702931
334,turkestan,43.3333,68.25,24.370000000000005,45,0,4.33,KZ,1691703312
335,toliara,-23.35,43.6667,17.920000000000016,67,0,6.63,MG,1691703312
336,yeraliyev,43.2,51.65,29.560000000000002,31,0,3.58,KZ,1691703313
337,campbellton,48.0075,-66.6727,21.25,77,100,0.53,CA,1691703313
338,dubbo,-32.25,148.6167,1.07000000000005,93,0,2.06,AU,1691702916
339,pucheng,27.9233,118.5333,23.760000000000048,96,94,0.5,CN,1691703313
340,concepcion,-36.827,-73.0498,12.890000000000043,71,75,6.17,CL,1691703285
341,acarau,-2.8856,-40.12,25.910000000000025,77,25,7.55,BR,1691702621
342,bushehr,28.9684,50.8385,37.05000000000001,39,75,0.0,IR,1691703314
343,ksar chellala,35.2122,2.3189,30.110000000000014,27,3,1.92,DZ,1691703314
344,calipatria,33.1256,-115.5142,39.27000000000004,26,0,5.6,US,1691703137
345,new glasgow,45.5834,-62.6486,18.210000000000036,82,97,5.28,CA,1691703315
346,labrador city,52.9463,-66.9114,16.950000000000045,72,100,2.06,CA,1691703315
347,okhotsk,59.3833,143.3,13.939999999999998,85,95,2.75,RU,1691702892
348,okha,53.5739,142.9478,12.57000000000005,89,100,4.37,RU,1691702926
349,bikenibeu village,1.3673,173.1241,29.980000000000018,74,40,1.54,KI,1691703316
350,acapulco de juarez,16.8634,-99.8901,31.900000000000034,58,75,2.57,MX,1691703131
351,askoy,60.4092,5.226,12.200000000000045,46,75,0.0,NO,1691703316
352,inderbor,48.55,51.7833,26.28000000000003,30,0,3.73,KZ,1691703316
353,talara,-4.5772,-81.2719,27.420000000000016,65,0,7.81,PE,1691703317
354,wakkanai,45.4094,141.6739,16.720000000000027,98,100,1.79,JP,1691703317
355,chudniv,50.052,28.1175,14.470000000000027,61,91,2.03,UA,1691703317
356,ta`u,-14.2336,-169.5144,27.560000000000002,72,100,6.47,AS,1691703304
357,ellsworth,44.5434,-68.4195,26.05000000000001,70,0,5.14,US,1691703318
358,coquimbo,-29.9533,-71.3436,16.850000000000023,77,20,5.14,CL,1691702692
359,bibir hat,22.6873,91.7853,24.379999999999995,97,100,2.51,BD,1691703318
360,nemuro,43.3236,145.575,19.04000000000002,99,100,5.88,JP,1691702927
361,midar,34.9403,-3.5331,26.650000000000034,27,90,1.52,MA,1691703318
362,fortuna,40.5982,-124.1573,22.180000000000007,76,75,5.14,US,1691702884
363,christchurch,-43.5333,172.6333,4.670000000000016,88,99,0.51,NZ,1691703200
364,bubaque,11.2833,-15.8333,27.07000000000005,82,100,6.26,GW,1691703319
365,tofol,5.3248,163.0078,28.439999999999998,72,95,2.44,FM,1691703319
366,lerwick,60.1545,-1.1494,14.0,90,7,3.67,GB,1691703190
367,sao jose da coroa grande,-8.8978,-35.1478,23.610000000000014,83,5,2.98,BR,1691703320
368,vorgashor,67.5833,63.95,4.82000000000005,95,50,3.62,RU,1691703320
369,tripoli,32.8752,13.1875,25.180000000000007,66,0,3.16,LY,1691703321
370,barabai,-2.5833,115.3833,21.970000000000027,83,100,1.09,ID,1691703321
371,northam,51.0333,-4.2167,19.100000000000023,92,98,5.63,GB,1691703321
372,juneau,58.3019,-134.4197,15.0,100,100,7.2,US,1691702723
373,quellon,-43.1167,-73.6167,8.140000000000043,76,75,8.75,CL,1691703086
374,necochea,-38.5473,-58.7368,14.189999999999998,92,100,3.51,AR,1691702871
375,cangzhou,38.3167,116.8667,23.890000000000043,72,5,2.19,CN,1691703322
376,hermanus,-34.4187,19.2345,16.05000000000001,60,0,1.46,ZA,1691702871
377,rurrenabaque,-14.4413,-67.5278,31.83000000000004,43,9,2.37,BO,1691703322
378,al bawiti,28.3492,28.8659,26.840000000000032,44,0,4.29,EG,1691703323
379,pingdu,36.7844,119.9464,22.58000000000004,79,90,2.72,CN,1691703323
380,midvagur,62.0511,-7.1939,11.460000000000036,93,100,5.66,FO,1691703323
381,auki,-8.7676,160.7034,24.760000000000048,89,99,4.35,SB,1691702890
382,papao,-17.75,-149.55,26.82000000000005,71,48,9.07,PF,1691703323
383,taroa,8.7058,171.2275,27.689999999999998,75,27,5.14,MH,1691703324
384,hammerfest,70.6634,23.6821,23.25,60,40,4.63,NO,1691703159
385,nagqu,31.5,92.0,5.520000000000039,93,100,0.73,CN,1691703324
386,galveston,29.3669,-94.9669,39.49000000000001,68,20,6.17,US,1691703324
387,i-n-salah,27.1935,2.4607,35.950000000000045,14,0,4.94,DZ,1691703325
388,shizunai-furukawacho,42.3339,142.3669,23.870000000000005,90,100,4.91,JP,1691703325
389,trinidad,-14.8333,-64.9,33.99000000000001,49,20,2.57,BO,1691702931
390,kongsvinger,60.1905,11.9977,13.370000000000005,70,78,1.48,NO,1691703325
391,nambucca,-30.6333,152.9833,12.810000000000002,59,0,1.66,AU,1691703325
392,el playon,7.4713,-73.2031,28.150000000000034,92,99,1.24,CO,1691703326
393,chicoana,-25.1009,-65.5331,30.03000000000003,14,54,2.36,AR,1691703326
394,wuyang,31.9925,116.2472,24.58000000000004,87,0,1.52,CN,1691703326
395,hovd,48.0056,91.6419,18.140000000000043,48,0,1.59,MN,1691702898
396,vila velha,-20.3297,-40.2925,22.970000000000027,78,75,4.12,BR,1691702879
397,east london,-33.0153,27.9116,18.79000000000002,70,0,6.27,ZA,1691702741
398,prado,-17.3411,-39.2208,22.0,79,75,3.25,BR,1691703327
399,kapoeta,4.7717,33.5903,22.99000000000001,78,50,2.47,SS,1691703327
400,longyearbyen,78.2186,15.6401,9.910000000000025,81,100,0.0,SJ,1691702873
401,kasongo-lunda,-6.4667,16.8167,27.760000000000048,32,100,1.43,CD,1691703328
402,rikaze,29.25,88.8833,15.120000000000005,60,100,1.03,CN,1691703328
403,ocean city,39.2776,-74.5746,24.450000000000045,90,100,3.13,US,1691703328
404,kidal,18.4411,1.4078,29.82000000000005,45,55,4.73,ML,1691703328
405,alpine,32.835,-116.7664,29.260000000000048,57,31,0.89,US,1691703329
406,vernon,50.2581,-119.2691,23.5,43,81,1.03,CA,1691703312
407,sinabang,2.4803,96.3801,25.99000000000001,84,100,2.25,ID,1691703284
408,potosi,-19.5836,-65.7531,13.480000000000018,28,0,5.14,BO,1691703329
409,bartica,6.4,-58.6167,31.180000000000007,75,57,2.76,GY,1691703330
410,portland,45.5234,-122.6762,29.24000000000001,44,40,3.6,US,1691703161
411,kilindoni,-7.9139,39.6668,24.200000000000045,78,46,6.48,TZ,1691703330
412,yeppoon,-23.1333,150.7333,9.879999999999995,78,0,0.64,AU,1691702876
413,zhigalovo,54.8097,105.1578,13.240000000000009,97,95,1.81,RU,1691703331
414,barra de santo antonio,-9.4047,-35.5072,23.600000000000023,85,7,3.64,BR,1691703331
415,enewetak,11.3474,162.3373,28.410000000000025,77,29,5.26,MH,1691703331
416,sona,45.4388,10.8255,22.960000000000036,68,0,1.54,IT,1691703331
417,loa janan,-0.583,117.095,24.53000000000003,85,100,1.94,ID,1691703332
418,wankyi,7.7392,-2.1046,21.600000000000023,95,96,2.32,GH,1691703332
419,kuandian,40.7286,124.7847,20.30000000000001,94,91,1.97,CN,1691703332
420,bandraboua,-12.7044,45.1223,24.82000000000005,76,0,5.7,YT,1691703332
421,cidreira,-30.1811,-50.2056,17.620000000000005,97,36,4.1,BR,1691702880
422,trat,12.5,102.5,24.55000000000001,92,20,1.49,TH,1691703144
423,sao vicente,-23.9631,-46.3919,26.100000000000023,56,40,3.6,BR,1691703052
424,motygino,58.1831,94.7592,11.960000000000036,94,29,0.97,RU,1691703333
425,langueux,48.495,-2.7185,20.24000000000001,83,0,2.06,FR,1691703334
426,kindu,-2.95,25.95,23.480000000000018,69,36,1.19,CD,1691703334
427,volchikha,52.0333,80.3833,17.560000000000002,97,100,1.36,RU,1691703334
428,kailua-kona,19.6406,-155.9956,28.980000000000018,73,40,4.12,US,1691703313
429,dunedin,-45.8742,170.5036,3.7800000000000296,78,100,0.45,NZ,1691702868
430,hotan,37.0997,79.9269,28.28000000000003,20,79,3.45,CN,1691703335
431,cooma,-36.2333,149.1333,1.32000000000005,83,1,0.93,AU,1691703335
432,polyarnyy,69.1989,33.4478,16.82000000000005,75,0,5.31,RU,1691703335
433,tuy hoa,13.0833,109.3,26.560000000000002,79,52,2.52,VN,1691703336
434,cheney,47.4874,-117.5758,27.670000000000016,28,20,5.14,US,1691703132
435,flin flon,54.7682,-101.865,16.910000000000025,63,100,4.63,CA,1691703336
436,leribe,-28.8718,28.045,7.7000000000000455,51,0,1.53,LS,1691703337
437,jijiga,9.35,42.8,18.420000000000016,75,73,4.91,ET,1691703337
438,uturoa,-16.7333,-151.4333,25.129999999999995,67,79,7.34,PF,1691703337
439,margate,51.3813,1.3862,18.720000000000027,73,34,1.34,GB,1691703337
440,tukrah,32.5341,20.5791,25.650000000000034,64,0,6.19,LY,1691703338
441,beya,53.0533,90.9139,15.580000000000041,60,99,2.5,RU,1691703338
442,naze,28.3667,129.4833,23.510000000000048,88,100,2.2,JP,1691702869
443,sault ste. marie,46.5168,-84.3333,20.310000000000002,68,40,8.75,CA,1691703253
444,yeniseysk,58.4497,92.1703,12.560000000000002,94,97,1.34,RU,1691703339
445,freetown,8.484,-13.2299,24.840000000000032,88,75,3.09,SL,1691703339
446,thinadhoo,0.5333,72.9333,27.810000000000002,77,99,4.95,MV,1691703339
447,banda aceh,5.5577,95.3222,26.129999999999995,85,50,3.78,ID,1691702930
448,gisborne,-38.6533,178.0042,8.430000000000007,71,88,6.94,NZ,1691703340
449,mersing,2.4312,103.8405,23.950000000000045,94,20,2.06,MY,1691703340
450,danielskuil,-28.1887,23.5395,9.850000000000023,42,17,3.22,ZA,1691703340
451,taksimo,56.3444,114.8794,15.79000000000002,98,100,1.04,RU,1691703340
452,smara,26.7384,-11.6719,37.75,9,1,3.52,EH,1691703341
453,petropavlovka,50.6114,105.3196,12.960000000000036,89,9,2.06,RU,1691702917
454,san ignacio de velasco,-16.3667,-60.95,32.22000000000003,28,0,2.97,BO,1691703341
455,chifeng,42.2683,118.9636,18.400000000000034,77,39,0.98,CN,1691703341
456,tome,-36.6167,-72.95,12.340000000000032,84,75,3.91,CL,1691703078
457,conception bay south,47.4999,-52.9981,21.360000000000014,87,71,4.36,CA,1691703217
458,calvinia,-31.4707,19.776,15.04000000000002,32,0,4.32,ZA,1691703342
459,sao felix do xingu,-6.6447,-51.995,28.379999999999995,47,48,0.58,BR,1691703342
460,laayoune,27.1622,-13.2032,27.189999999999998,89,20,12.35,EH,1691703342
461,huazhou,21.6333,110.5833,25.850000000000023,89,70,0.67,CN,1691703343
462,tromso,69.6496,18.957,13.010000000000048,94,75,2.57,NO,1691703313
463,tougan,13.0667,-3.0667,24.970000000000027,83,98,5.11,BF,1691703343
464,tual,-5.6667,132.75,25.600000000000023,80,64,9.03,ID,1691703343
465,xai-xai,-25.0519,33.6442,16.670000000000016,70,23,2.77,MZ,1691703281
466,karak,31.1667,35.75,20.78000000000003,67,0,3.37,JO,1691703344
467,argostolion,38.1811,20.489,23.189999999999998,70,0,4.85,GR,1691703344
468,kirakira,-10.4544,161.9205,24.58000000000004,84,94,6.8,SB,1691702879
469,mukalla,14.5425,49.1242,29.150000000000034,69,96,3.92,YE,1691703344
470,binhe,32.6883,112.8275,24.02000000000004,87,41,1.24,CN,1691703345
471,mombetsu,44.3525,143.3525,19.110000000000014,97,100,1.88,JP,1691703345
472,slave lake,55.2834,-114.769,15.990000000000009,88,100,6.69,CA,1691702878
473,ixtapa,20.7,-105.2,33.460000000000036,66,100,2.57,MX,1691703345
474,turbat,26.0023,63.044,28.670000000000016,69,26,1.98,PK,1691703346
475,loango,-4.6719,11.8312,22.810000000000002,83,20,3.6,CG,1691703346
476,lincoln,40.8,-96.667,32.85000000000002,54,20,5.14,US,1691703346
477,jangaon,17.7167,79.1833,25.430000000000007,71,93,1.85,IN,1691703346
478,wanning,18.8003,110.3967,27.210000000000036,83,96,4.64,CN,1691703346
479,bechar,31.6167,-2.2167,39.18000000000001,9,40,3.09,DZ,1691703347
480,impfondo,1.6381,18.0667,22.939999999999998,93,100,0.98,CG,1691703347
481,mawu,29.5923,107.3139,24.28000000000003,91,76,1.74,CN,1691703347
482,qujing,25.4833,103.7833,15.920000000000016,98,75,0.43,CN,1691703144
483,ginir,7.1333,40.7,15.100000000000023,80,11,2.37,ET,1691703347
484,xuddur,4.1213,43.8894,22.27000000000004,69,94,7.44,SO,1691703348
485,santa cruz del sur,20.7147,-77.9956,31.450000000000045,63,27,1.7,CU,1691703348
486,beykonak,36.3257,30.303,26.060000000000002,81,0,2.06,TR,1691703348
487,targu trotus,46.2667,26.6667,17.620000000000005,63,93,2.77,RO,1691703348
488,arkhangel'sk,64.5401,40.5433,17.629999999999995,84,12,1.07,RU,1691703349
489,cozumel,20.5083,-86.9458,34.04000000000002,71,40,4.63,MX,1691702826
490,wenatchee,47.4235,-120.3103,29.79000000000002,32,0,1.54,US,1691703096
491,kudahuvadhoo,2.6708,72.8944,27.82000000000005,77,100,4.84,MV,1691703349
492,san pedro pochutla,15.7333,-96.4667,33.84000000000003,64,84,3.29,MX,1691703349
493,valdez,1.2492,-78.9831,26.890000000000043,82,14,5.4,EC,1691703349
494,fernie,49.5,-115.0687,22.05000000000001,28,66,5.63,CA,1691703350
495,klaksvik,62.2266,-6.589,11.510000000000048,90,84,6.1,FO,1691702874
496,ushachy,55.1786,28.6035,16.170000000000016,77,99,1.29,BY,1691703350
497,wad rawah,15.1603,33.1397,27.82000000000005,55,97,2.96,SD,1691703350
498,tynda,55.1667,124.7167,14.310000000000002,83,84,0.98,RU,1691702872
499,kotka,60.4664,26.9458,13.510000000000048,78,37,3.37,FI,1691703351
500,peskovka,59.0448,52.3606,14.879999999999995,81,3,0.96,RU,1691703351
501,ingeniero jacobacci,-41.3427,-69.5448,5.82000000000005,68,3,10.61,AR,1691703351
502,chany,55.3121,76.7647,9.53000000000003,95,75,3.67,RU,1691703351
503,bam,29.106,58.357,29.08000000000004,17,4,5.11,IR,1691703352
504,moussoro,13.6408,16.4901,29.410000000000025,61,100,3.93,TD,1691703352
505,goure,13.9835,10.2704,26.04000000000002,66,91,4.29,NE,1691703352
506,mto wa mbu,-3.35,35.85,18.730000000000018,70,49,0.87,TZ,1691703352
507,kapa'a,22.0752,-159.319,31.180000000000007,68,20,7.2,US,1691703353
508,opuwo,-18.0607,13.84,18.640000000000043,30,0,3.67,NA,1691703353
509,sevilla,37.3824,-5.9761,33.51000000000005,28,0,4.12,ES,1691703171
510,cill airne,52.05,-9.5167,13.75,98,26,2.39,IE,1691703353
511,kargasok,59.0556,80.8572,12.080000000000041,98,100,3.72,RU,1691703353
512,san pedro,14.35,121.0167,27.970000000000027,90,20,5.14,PH,1691703351
513,pizarro,4.9533,-77.366,28.180000000000007,80,92,3.54,CO,1691703354
514,vorkuta,67.5,64.0,5.1299999999999955,95,50,3.65,RU,1691703316
515,mil'kovo,55.6078,37.7956,18.220000000000027,75,72,2.5,RU,1691703341
516,lionel town,17.8101,-77.2406,32.94,67,22,4.2,JM,1691703354
517,bilovods'k,49.2085,39.5897,22.910000000000025,68,79,6.74,UA,1691703355
518,griffith,41.5284,-87.4237,29.410000000000025,69,100,6.17,US,1691703355
519,shuangyang,43.5242,125.6736,20.960000000000036,90,98,4.89,CN,1691703355
520,ramadi,33.4226,43.3058,36.74000000000001,21,0,5.77,IQ,1691703355
521,dumai,1.6833,101.45,23.010000000000048,97,100,0.94,ID,1691703356
522,playa del ingles,27.7567,-15.5787,26.890000000000043,81,1,8.68,ES,1691703130
523,waingapu,-9.6567,120.2641,22.420000000000016,79,74,2.58,ID,1691702881
524,neka,36.6508,53.299,25.25,45,0,1.66,IR,1691703356
525,belmonte,-15.8631,-38.8828,22.650000000000034,78,34,3.03,BR,1691702913
526,guiren,33.6697,118.1889,23.900000000000034,88,50,1.56,CN,1691703358
527,novyy urengoy,66.0833,76.6333,7.330000000000041,72,11,9.51,RU,1691703358
528,pont rouge,48.8833,-72.0825,18.160000000000025,79,82,2.94,CA,1691703358
529,pielavesi,63.2333,26.75,15.850000000000023,69,100,2.39,FI,1691703359
530,itoman,26.1247,127.6694,27.010000000000048,96,40,2.06,JP,1691702877
531,dapa,9.7594,126.0531,27.730000000000018,77,88,3.88,PH,1691703360
532,miyako,39.6367,141.9525,26.120000000000005,81,10,3.43,JP,1691703361
533,atherton,53.5237,-2.4935,23.360000000000014,81,55,2.94,GB,1691703361
534,peniche,39.3558,-9.3811,20.620000000000005,90,0,4.43,PT,1691703336
535,mahdishahr,35.7108,53.3556,21.660000000000025,29,0,2.02,IR,1691703361
536,lesosibirsk,58.2358,92.4828,12.640000000000043,92,96,2.11,RU,1691703362
537,muynoq,43.7683,59.0214,26.210000000000036,44,0,3.56,UZ,1691703205
538,wau,7.7029,27.9953,23.350000000000023,85,100,1.73,SS,1691703362
539,la gi,10.6667,107.7833,25.600000000000023,90,15,3.83,VN,1691703363
540,machakos,-1.5167,37.2667,16.970000000000027,74,72,1.16,KE,1691703363
541,gaoyou,32.7858,119.4278,24.79000000000002,86,55,1.65,CN,1691703363
542,lapua,62.9693,23.0088,14.080000000000041,91,85,3.01,FI,1691703363
543,pisco,-13.7,-76.2167,22.03000000000003,68,20,8.75,PE,1691702873
544,aydintepe,40.3894,40.1506,21.54000000000002,34,5,0.76,TR,1691703364
545,shaowu,27.3409,117.4831,24.450000000000045,95,87,0.82,CN,1691703364
546,nasiriyah,31.0521,46.261,40.49000000000001,11,0,4.47,IQ,1691703364
547,egersund,58.4513,5.9997,11.160000000000025,85,45,4.2,NO,1691703365
548,kabalo,-6.05,26.9167,26.350000000000023,37,9,2.3,CD,1691703365
549,kirensk,57.7853,108.1119,17.010000000000048,97,100,3.54,RU,1691703257
550,yushu,44.8,126.5333,19.220000000000027,96,100,4.3,CN,1691703365
551,taro,-8.3862,115.28,19.0,85,69,1.5,ID,1691703366
552,macas,-2.3167,-78.1167,30.860000000000014,48,40,2.57,EC,1691703366
553,ulladulla,-35.35,150.4667,9.25,60,0,1.93,AU,1691703366
554,bonny,4.4522,7.1681,25.220000000000027,86,100,2.87,NG,1691703366
555,benavente,42.0025,-5.6783,23.350000000000023,36,15,4.92,ES,1691703367
556,at taraf,25.3628,49.725,35.30000000000001,64,0,2.18,SA,1691703367
557,alesund,62.4723,6.1549,13.200000000000045,88,75,4.63,NO,1691703367
558,dolores,-36.3132,-57.6792,13.990000000000009,89,100,3.21,AR,1691703367
559,malvan,16.0667,73.4667,26.180000000000007,84,84,3.52,IN,1691703368
560,ternate,0.8,127.4,26.29000000000002,79,81,3.53,ID,1691703368
561,three points,32.0767,-111.3137,39.23000000000002,20,96,4.09,US,1691703368
562,orhaneli,39.9033,28.9906,18.400000000000034,94,77,1.68,TR,1691703369
563,manta,-0.95,-80.7333,29.879999999999995,78,20,7.6,EC,1691703369
564,caleta de carquin,-11.0925,-77.6267,20.160000000000025,76,20,5.4,PE,1691703369
565,san luis,-33.295,-66.3356,15.310000000000002,41,5,5.98,AR,1691703220
566,wagar,16.1525,36.2032,25.710000000000036,72,100,3.63,SD,1691702720
567,volodarskiy,46.4013,48.5409,23.970000000000027,43,6,2.82,RU,1691703370
568,la mira,18.035,-102.3266,31.29000000000002,63,64,3.67,MX,1691703370
569,langepas,61.2544,75.2124,12.439999999999998,81,100,6.39,RU,1691703370
570,huayucachi,-12.1333,-75.2333,15.670000000000016,53,49,4.28,PE,1691703370
571,aripuana,-9.1667,-60.6333,31.700000000000045,33,82,1.07,BR,1691703371
572,sarupathar,26.1984,93.8094,24.960000000000036,96,100,1.61,IN,1691703371
573,puerto armuelles,8.2833,-82.8667,29.99000000000001,91,73,1.34,PA,1691703371
574,vereshchagino,58.0789,54.6557,13.260000000000048,86,9,0.76,RU,1691703372
575,shengli,37.4564,118.4856,24.260000000000048,59,0,0.55,CN,1691703372
576,puerto baquerizo moreno,-0.9,-89.6,26.55000000000001,74,75,6.69,EC,1691703263
577,conceicao do araguaia,-8.2578,-49.2647,29.75,26,3,1.37,BR,1691703372
578,mpanda,-6.3655,31.0409,19.590000000000032,46,2,0.7,TZ,1691703373
579,castillos,-34.1667,-53.8333,14.480000000000018,96,100,2.35,UY,1691703373
580,pariaman,-0.619,100.12,24.03000000000003,90,87,1.93,ID,1691703350
581,nili,33.7218,66.1302,21.470000000000027,30,0,2.44,AF,1691703373
582,al qusiyah,27.4402,30.8184,30.150000000000034,31,0,7.35,EG,1691703373
583,tchintabaraden,15.8969,5.7985,24.53000000000003,80,100,9.79,NE,1691703374
584,rumbek,6.802,29.6912,21.439999999999998,92,91,1.02,SS,1691703358
585,pacocha,-17.5833,-71.3333,18.08000000000004,82,100,4.12,PE,1691703374
586,carletonville,-26.3609,27.3977,9.330000000000041,47,10,3.45,ZA,1691703374
587,muisne,0.6,-80.0333,26.200000000000045,81,56,4.54,EC,1691703375
588,le moule,16.3332,-61.3473,29.02000000000004,79,9,6.01,GP,1691703375
